url,label,source,timestamp
https://www.netflixpagamento.com/verify,1,malicious,2026-02-04 01:11:46
https://malicious-domain-62.xyz/login,1,malicious,2026-02-04 01:11:46
http://mttaamu-sskk-lagn.godaddysites.com,1,malicious,2026-02-04 01:11:46
https://jdjjdkdkdkshusu.weebly.com/,1,malicious,2026-02-04 01:11:46
https://webmemberolinemainexchangelogon.weebly.com/verify,1,malicious,2026-02-04 01:11:46
http://bishop-12655.bubbleapps.io/#redacted@abuse.ionos.com,1,malicious,2026-02-04 01:11:46
https://bafkreie5texeq5z5zjuvejpewlvizhs44tjjo2fjlsapylx4meaap457e4.ipfs.dweb.link/,1,malicious,2026-02-04 01:11:46
https://make-actions-231985.framer.app/verify,1,malicious,2026-02-04 01:11:46
https://sales.yourformentera.es/login,1,malicious,2026-02-04 01:11:46
https://livestarted.ghost.io/,1,malicious,2026-02-04 01:11:46
https://app.pandadoc.com/document/v2?token=307e29085a6b199cfcc6937cfdaacd2d7a4206e3,1,malicious,2026-02-04 01:11:46
https://docs.google.com/drawings/d/1UGYXcL99eeQ39pVt31EoMS22lcGMeFablpW_whVHHYw/edit,1,malicious,2026-02-04 01:11:46
http://malware-398.xyz/payload.exe,1,malicious,2026-02-04 01:11:46
https://planning-miseajour.com/login,1,malicious,2026-02-04 01:11:46
http://q-r.to/bgaOvu,1,malicious,2026-02-04 01:11:46
https://phish-771.tk/login.html,1,malicious,2026-02-04 01:11:46
https://app-avisosegurossl1.hotmart.host/verify,1,malicious,2026-02-04 01:11:46
http://us8.campaign-archive.com/?u=7408e0a9417ce4d5b7723c467&id=b078503d2c,1,malicious,2026-02-04 01:11:46
https://docs.google.com/drawings/d/1ls0yiJ_msf4yqIR_Jnkh7zolIACSeDZ6ad-LBHUZZaw/edit,1,malicious,2026-02-04 01:11:46
https://bafkreidfiwh4dyogqmaa5cvprkto6p6pfhcl2bye7jzykcq75caiwgv75y.ipfs.dweb.link/verify,1,malicious,2026-02-04 01:11:46
https://ornail.weebly.com/verify,1,malicious,2026-02-04 01:11:46
https://bafkreia55b7f2oehbtinc6kcfnpre3qjdqteflaqthhkfyrgofhja5mzra.ipfs.dweb.link/verify,1,malicious,2026-02-04 01:11:46
https://zulutayoze.z28.web.core.windows.net/verify,1,malicious,2026-02-04 01:11:46
https://produbanc0.webcindario.com/login,1,malicious,2026-02-04 01:11:46
https://d5175847.trzzjhhs.pages.dev/login,1,malicious,2026-02-04 01:11:46
https://local.intergratedcareservices.com/axa.ch/login.php,1,malicious,2026-02-04 01:11:46
http://dairian-washington-s-school.teachable.com/p/verse,1,malicious,2026-02-04 01:11:46
https://sms7-cledigitale.com/verify,1,malicious,2026-02-04 01:11:46
https://mailaccountupdatesunit.weebly.com/login,1,malicious,2026-02-04 01:11:46
https://fjsavarese.wixsite.com/login,1,malicious,2026-02-04 01:11:46
https://netflix-71f05.web.app/,1,malicious,2026-02-04 01:11:46
http://dossier-ameli.com/,1,malicious,2026-02-04 01:11:46
https://malicious-domain-50.xyz/verify,1,malicious,2026-02-04 01:11:46
http://phish-971.tk/login.html,1,malicious,2026-02-04 01:11:46
https://t-mobile.ohejb.cc/verify,1,malicious,2026-02-04 01:11:46
https://us6.campaign-archive.com/?u=4da8b956677072e20a95c799f&id=57c572cea0,1,malicious,2026-02-04 01:11:46
https://irs-content.com/login,1,malicious,2026-02-04 01:11:46
https://voiledebrume.com/login,1,malicious,2026-02-04 01:11:46
http://device-started.ghost.io/desktop/,1,malicious,2026-02-04 01:11:46
https://nuevavida.webcindario.com/,1,malicious,2026-02-04 01:11:46
http://ayeshajamil.sheraniz.com/login,1,malicious,2026-02-04 01:11:46
https://authenticatedbrtczimb.weebly.com/verify,1,malicious,2026-02-04 01:11:46
https://hotm.art/login,1,malicious,2026-02-04 01:11:46
https://susmailrectificationformz.weebly.com/,1,malicious,2026-02-04 01:11:46
https://linksta.cc/@Mailservice,1,malicious,2026-02-04 01:11:46
https://prosperous-expectations-126412.framer.app/login,1,malicious,2026-02-04 01:11:46
https://us20.campaign-archive.com/?u=9cfc64f67729cf9ac7bd1e7db&id=13cf52c02,1,malicious,2026-02-04 01:11:46
https://ameli-cartes-vitales.com/index.php,1,malicious,2026-02-04 01:11:46
http://34546zw.weebly.com/,1,malicious,2026-02-04 01:11:46
http://malware-455.xyz/login,1,malicious,2026-02-04 01:11:46
https://nl.finanzen.net/,1,malicious,2026-02-04 01:11:46
https://antepkuzutava.com/login,1,malicious,2026-02-04 01:11:46
https://tinyurl.com/5e57yryy,1,malicious,2026-02-04 01:11:46
https://2dehands.817416.sale/receive/928416784?mail=W1BPTFlBXQ==&meta=rlWjMKWwLJ50LJqyVwb1YPWhLJ1yVwbvKUIxBQAwKUIxMwZ4VSOioUyuVR1unJkypvVfVzAbLKEsnJDvBv0kZQNmAwp2ZGZ5ZwN5YPWmMKW2nJAyVwbvZzEynTShMUZvYPW0rKOyVwbvpT9frJSsoJScoTIlVa0=,1,malicious,2026-02-04 01:11:46
http://malware-traffic-analysis.net/sample-94.exe,1,malicious,2026-02-04 01:11:46
https://trezoriostrt-hub-en.dream.space/login,1,malicious,2026-02-04 01:11:46
http://gumtree.new-order1291512.com/bank/commonwealth/357903363,1,malicious,2026-02-04 01:11:46
https://helites.uk/login,1,malicious,2026-02-04 01:11:46
http://malware-990.xyz/verify,1,malicious,2026-02-04 01:11:46
https://chatbot.page/oX5d4a,1,malicious,2026-02-04 01:11:46
https://connect-bell-web.weebly.com/login,1,malicious,2026-02-04 01:11:46
https://2fc95t.share-eu1.hsforms.com/2WU9Y0c5pQJuOnobka_X8zA,1,malicious,2026-02-04 01:11:46
https://hdgfhfhgkfhfuif.weebly.com/verify,1,malicious,2026-02-04 01:11:46
http://form.jotform.com/253114372085048,1,malicious,2026-02-04 01:11:46
https://dhl-suividucolis.com/track/index.php,1,malicious,2026-02-04 01:11:46
https://t.co/XUlvMvIwKd,1,malicious,2026-02-04 01:11:46
http://yrgfyh.weebly.com/,1,malicious,2026-02-04 01:11:46
https://mailboxdeactivation.weebly.com/login,1,malicious,2026-02-04 01:11:46
https://log-arubawebmail.it/en/index.php,1,malicious,2026-02-04 01:11:46
http://joelosteen12645-creator.github.io/ok/,1,malicious,2026-02-04 01:11:46
https://bafybeif3dubk3nsal3zapijehccepfhmtqtcwiojgfrigy7ofb75gmiuz4.ipfs.dweb.link/login,1,malicious,2026-02-04 01:11:46
https://johnharrop3.wixsite.com/my-site-3,1,malicious,2026-02-04 01:11:46
http://share-eu1.hsforms.com/1R4jyBHczRM2jBF3fkDIyoA2fhtpc,1,malicious,2026-02-04 01:11:46
http://phish-790.tk/login.html,1,malicious,2026-02-04 01:11:46
http://t-mobile.fqzoj.cc/login,1,malicious,2026-02-04 01:11:46
https://bafkreifxgaltkqfze4ge7kku76bk5vv57bt6qbkcgvhaooyhtyclkp63ty.ipfs.dweb.link/login,1,malicious,2026-02-04 01:11:46
https://malxiro.com/jp,1,malicious,2026-02-04 01:11:46
https://tradelogin.accresethelp.cfd/verify,1,malicious,2026-02-04 01:11:46
https://qrco.de/bga14I,1,malicious,2026-02-04 01:11:46
http://redirect63.wixsite.com/my-site-3,1,malicious,2026-02-04 01:11:46
http://alebilet.pl-oferta2858665.sbs/login,1,malicious,2026-02-04 01:11:46
https://guidefaq.ghost.io/login,1,malicious,2026-02-04 01:11:46
https://app.notifica-campanha.site,1,malicious,2026-02-04 01:11:46
http://resone-shinac.com/web/client/#/%2Floginusername,1,malicious,2026-02-04 01:11:46
http://maillportal.weebly.com/,1,malicious,2026-02-04 01:11:46
https://elazigozelbaharsagliklisesi.com/verify,1,malicious,2026-02-04 01:11:46
https://bafkreidsxgoqiqnokzj3srhsi3q5bofd5f5yuvcrcrbq77ra4jver6pvre.ipfs.dweb.link/verify,1,malicious,2026-02-04 01:11:46
http://t.me/DriftTradeProtocol,1,malicious,2026-02-04 01:11:46
http://194-164-59-27.cprapid.com/cr/update6.php,1,malicious,2026-02-04 01:11:46
http://resetshawupdate.framer.website/,1,malicious,2026-02-04 01:11:46
https://external.corsivalab.xyz/verify,1,malicious,2026-02-04 01:11:46
http://www.dropbox.com/scl/fi/9e5y65pz1xvasuu6he2by/Your-Latest-Bill-Is-Ready.paper?rlkey=zlx4pvwo2rea4kc3j30gcow19&st=yea3kfij&dl=0,1,malicious,2026-02-04 01:11:46
http://bafkreibmldaojupgry5e3hyspeunifodbtfiwdp7w6rrzdyfn3zfewhonu.ipfs.dweb.link/,1,malicious,2026-02-04 01:11:46
https://phish-976.tk/login,1,malicious,2026-02-04 01:11:46
http://docs.google.com/drawings/d/1BZL7F0niUCEV2ShY-FLM-I7oQGGSKmz8GRPDUZ8AtMk/edit,1,malicious,2026-02-04 01:11:46
https://ln.run/ZZReV,1,malicious,2026-02-04 01:11:46
https://slight-moment-763247.framer.app/,1,malicious,2026-02-04 01:11:46
https://www.quevibixl.com/verify,1,malicious,2026-02-04 01:11:46
https://www.dropbox.com/scl/fi/cvntkw2b8ac3wo2sch7ax/Your-Latest-Bill-Is-Ready.paper?rlkey=j9k93uyk5dj4shsv349tlvn02&st=i1sgab13&dl=0,1,malicious,2026-02-04 01:11:46
http://ulzdm.troniva.cfd/8ped9qt1fq7yM0gmflsj4t,1,malicious,2026-02-04 01:11:46
https://rrsrphr.com%E2%88%95cmhvifefm@rmlvjtf.cn/verify,1,malicious,2026-02-04 01:11:46
http://bafkreia6d2pdjbzmcpu7ftvv3uw4ltjalwbhfnuzriqgk7pn7j6yu2qxga.ipfs.dweb.link/,1,malicious,2026-02-04 01:11:46
https://kqkoxwi.cn/verify,1,malicious,2026-02-04 01:11:46
https://link-1762600269.allvaluelink.com/verify,1,malicious,2026-02-04 01:11:46
https://connectjjj9.weebly.com/verify,1,malicious,2026-02-04 01:11:46
http://cummingspec.wixsite.com/my-site-1,1,malicious,2026-02-04 01:11:46
https://us7.campaign-archive.com/?u=d297c980701f7495171b4eee8&id=939d613ae6,1,malicious,2026-02-04 01:11:46
https://bafkreibnjtfcav5ethnpwnziajlos6wtyjeinretrachxufq6q3vmlkfky.ipfs.dweb.link/login,1,malicious,2026-02-04 01:11:46
https://phish-216.tk/login.html,1,malicious,2026-02-04 01:11:46
http://custertell.weebly.com/,1,malicious,2026-02-04 01:11:46
https://tinyurl.com/yjew4632,1,malicious,2026-02-04 01:11:46
https://site-yfk6z2fjb.godaddysites.com/,1,malicious,2026-02-04 01:11:46
https://t.co/gSRfflGrJd,1,malicious,2026-02-04 01:11:46
http://malware-618.xyz/login,1,malicious,2026-02-04 01:11:46
https://popular-success-280121.framer.app/,1,malicious,2026-02-04 01:11:46
http://malware-982.xyz/verify,1,malicious,2026-02-04 01:11:46
https://error434720443t39837kjsg3s94d4s4.weebly.com/verify,1,malicious,2026-02-04 01:11:46
https://q-r.to/bgamCP,1,malicious,2026-02-04 01:11:46
https://phish-822.tk/verify,1,malicious,2026-02-04 01:11:46
https://mail-tennet-eu.weebly.com/,1,malicious,2026-02-04 01:11:46
https://aonbs.n2bs.ao,1,malicious,2026-02-04 01:11:46
http://bit.ly/4hst53j,1,malicious,2026-02-04 01:11:46
http://d5n6a9ghubcc73edi6p0.fusionchainedge.com/7i8o1x/,1,malicious,2026-02-04 01:11:46
http://docs.google.com/presentation/d/e/2PACX-1vSmnnorlwND3-A9EE8tSU774Mcmf6mYQTWTIXIBB1YJgjy5ZtsrNOu_UMsZJjpzFY1V7MsX-3Lw5bmn/pub,1,malicious,2026-02-04 01:11:46
http://malware-127.xyz/login,1,malicious,2026-02-04 01:11:46
http://malware-429.xyz/payload.exe,1,malicious,2026-02-04 01:11:46
https://mailverificationteamupdate.weebly.com/login,1,malicious,2026-02-04 01:11:46
https://cpcalendars.74-227-128-159.cprapid.com/login,1,malicious,2026-02-04 01:11:46
http://malware-571.xyz/payload.exe,1,malicious,2026-02-04 01:11:46
http://art-handling.com/r/afbvh/MIT-G-97504715118/elG1iW0LMATsEX0qDIbBGVmcaf7kZGHUbBJRDfUHsJWiEDMBWhkmtZX8UZ0TZQMkESYpdYKRJjPBspwDWnSrKdvvRWGVALIDp6fhEYNUFmGvyEyNPCYufYqf7uZ261KGgIaZgz-fdad-vxNSgDxpVbRpGkZEmPqWjRUUsiRWFSBRLetE1jZPDMRV59lmvEjXzH5zgxTQ4wRWjMFVETSoSfYlLA5Uo5VGkbEI1NuWb8ZeSULPvKKNc8ZSvDZT/?pqmqxoxt=hroYLvWJBEGKyAZdX8cGSUYHVRMOGDpgLJAEGmrpXHf6HSYEUONJUVYV.gccdlo_nkgakyqnxiq,1,malicious,2026-02-04 01:11:46
https://p-f9289215-e059-4b9f-8685-e01994a2cea7.apps.webstudio.is/?authToken=8837c28d-1092-4094-8762-a856a06bc310&mode=preview,1,malicious,2026-02-04 01:11:46
https://t-mobile.awszl.cc/login,1,malicious,2026-02-04 01:11:46
https://phish-675.tk/verify,1,malicious,2026-02-04 01:11:46
https://imagoproperties.ro/verify,1,malicious,2026-02-04 01:11:46
https://erimbra.weebly.com/verify,1,malicious,2026-02-04 01:11:46
https://bradesco-livelocartoes.com/login,1,malicious,2026-02-04 01:11:46
http://sso-auth.com/nQZrOl8yo1KtSXhd,1,malicious,2026-02-04 01:11:46
http://cust0merservlce247lnfo.framer.wiki/,1,malicious,2026-02-04 01:11:46
http://l.ead.me/bgZpvi,1,malicious,2026-02-04 01:11:46
https://prezo.ai/public/new-prezo--cbf55e54-7ff8-4b2d-86ab-3ec6c8935fd3,1,malicious,2026-02-04 01:11:46
https://app.bia-promocoes.sa.com/verify,1,malicious,2026-02-04 01:11:46
https://tr.ee/ofAHq8xeRm,1,malicious,2026-02-04 01:11:46
http://malware-818.xyz/payload.exe,1,malicious,2026-02-04 01:11:46
https://www.rdweb1.agmfoods.com/verify,1,malicious,2026-02-04 01:11:46
https://docs.google.com/drawings/d/1fYcCRuAyD1ANGQYozIrpk6LG9SbXEnxwHFsYLsr_UM8/edit,1,malicious,2026-02-04 01:11:46
http://gimmenilogin.gitbook.io/us-en/,1,malicious,2026-02-04 01:11:46
http://l.ead.me/bgaJ9s,1,malicious,2026-02-04 01:11:46
https://cxnetcom.com/?token=1u3UyJjtFruBv5GX,1,malicious,2026-02-04 01:11:46
https://small-colleagues-736102.framer.app/,1,malicious,2026-02-04 01:11:46
http://malware-883.xyz/payload.exe,1,malicious,2026-02-04 01:11:46
http://us12.campaign-archive.com/?u=79aa866595a4af7016dfa7aaa&id=0bae631fd9,1,malicious,2026-02-04 01:11:46
https://t-mobile.qapor.cc/pay/,1,malicious,2026-02-04 01:11:46
https://t-mobile.qozaa.cc/pay,1,malicious,2026-02-04 01:11:46
https://lawsonhope1903.wixsite.com/my-site-1,1,malicious,2026-02-04 01:11:46
https://98765478helpers.weebly.com/,1,malicious,2026-02-04 01:11:46
https://internacionarnew.z14.web.core.windows.net/login,1,malicious,2026-02-04 01:11:46
https://temp-owkexuorwkyoibanumaq.webadorsite.com/,1,malicious,2026-02-04 01:11:46
http://docs.google.com/drawings/d/17m9aMNb7OWKyoXpmQ2tskVB0lfeSnYSSeUtTp6luZ_o/edit,1,malicious,2026-02-04 01:11:46
https://wellco1.com/login,1,malicious,2026-02-04 01:11:46
https://donx2y.webwave.dev/,1,malicious,2026-02-04 01:11:46
http://l.ead.me/bgZWU4,1,malicious,2026-02-04 01:11:46
https://sofiyulah21.wixstudio.com/login,1,malicious,2026-02-04 01:11:46
http://malware-278.xyz/verify,1,malicious,2026-02-04 01:11:46
http://novastep.sa.com/files/Enquiry.html,1,malicious,2026-02-04 01:11:46
https://site-h739olhpg.godaddysites.com/login,1,malicious,2026-02-04 01:11:46
http://us17.campaign-archive.com/?u=0f42afc6d4ab6e317369aed09&id=d49453e86c,1,malicious,2026-02-04 01:11:46
http://www.tiktoklog.vercel.app/,1,malicious,2026-02-04 01:11:46
https://q-r.to/bga92M,1,malicious,2026-02-04 01:11:46
https://phish-601.tk/login,1,malicious,2026-02-04 01:11:46
https://monitoring-center.pages.dev/,1,malicious,2026-02-04 01:11:46
http://phish-979.tk/login.html,1,malicious,2026-02-04 01:11:46
http://linktr.ee/ripaj98033,1,malicious,2026-02-04 01:11:46
https://registro-form-apkl-2026.cr-web.workers.dev/servicios,1,malicious,2026-02-04 01:11:46
http://phish-623.tk/login.html,1,malicious,2026-02-04 01:11:46
http://vemcomlimite.s3.us-east-005.backblazeb2.com/aumento.html,1,malicious,2026-02-04 01:11:46
https://shinkinopbb.com/login,1,malicious,2026-02-04 01:11:46
http://www.jp-investo.co.jp/,1,malicious,2026-02-04 01:11:46
https://phish-68.tk/login,1,malicious,2026-02-04 01:11:46
http://bafkreic2qag4owlv4djsvlmlg7ea75dyc6qucomzuuph7jowjq5iiag5rq.ipfs.dweb.link/,1,malicious,2026-02-04 01:11:46
https://2025loja.webcindario.com/,1,malicious,2026-02-04 01:11:46
https://exods-web3-en.created.app/login,1,malicious,2026-02-04 01:11:46
http://malware-611.xyz/login,1,malicious,2026-02-04 01:11:46
https://sswadqaz.de/verify,1,malicious,2026-02-04 01:11:46
https://bafkreieqwlxcg3fa4evsrfje4wfj2staylce33jvirpl7pebamwfniq2pq.ipfs.dweb.link/login,1,malicious,2026-02-04 01:11:46
https://bafkreiffyho77orusy6usn3pboxfibfp35av7t4fqglyji3k4jdoksbciu.ipfs.dweb.link/login,1,malicious,2026-02-04 01:11:46
http://started-page.ghost.io/en-us-suite,1,malicious,2026-02-04 01:11:46
http://xn--serviciodeidentificacininacap-h3c.weebly.com/,1,malicious,2026-02-04 01:11:46
https://dzu.psn.mybluehostin.me/verify,1,malicious,2026-02-04 01:11:46
https://x3-wallet-exodus.created.app,1,malicious,2026-02-04 01:11:46
http://musichall-doha.com/YWzOGq5RN,1,malicious,2026-02-04 01:11:46
https://microsoft-109887.weeblysite.com/login,1,malicious,2026-02-04 01:11:46
https://green-forms-964085.framer.app/,1,malicious,2026-02-04 01:11:46
http://macarte-actualisation.com/,1,malicious,2026-02-04 01:11:46
https://q-r.to/bgaVOC,1,malicious,2026-02-04 01:11:46
https://best-evolution-427205.framer.app/verify,1,malicious,2026-02-04 01:11:46
https://malicious-domain-45.xyz/payload.bin,1,malicious,2026-02-04 01:11:46
https://multisoundstudio.com/verify,1,malicious,2026-02-04 01:11:46
https://pub-130aeeeb4e1a4ebd823485107ff764c0.r2.dev/index.html,1,malicious,2026-02-04 01:11:46
http://sites.google.com/view/365secure-uy365/p%C3%A1gina-principal,1,malicious,2026-02-04 01:11:46
https://ipfs.io/ipns/cloud-data-respnsive.top,1,malicious,2026-02-04 01:11:46
http://order.check0921.icu/193035924?op_token=cm,1,malicious,2026-02-04 01:11:46
https://serviceportal.ghost.io/enus,1,malicious,2026-02-04 01:11:46
http://miracle-aspects-928922.framer.app/,1,malicious,2026-02-04 01:11:46
http://irs-content.com/irs/index.php?email=email@yahoo.com,1,malicious,2026-02-04 01:11:46
https://sso-en-desktop.pages.dev/verify,1,malicious,2026-02-04 01:11:46
http://us14.campaign-archive.com/?u=1e0c1d7ddb2e8a872d20619bb&id=f1e2ac3171,1,malicious,2026-02-04 01:11:46
http://poppin-405201.web.app/,1,malicious,2026-02-04 01:11:46
https://oppll.weebly.com/,1,malicious,2026-02-04 01:11:46
http://phish-497.tk/login.html,1,malicious,2026-02-04 01:11:46
https://baytownfc.com/kk/sso.login/index.php,1,malicious,2026-02-04 01:11:46
https://rfortraders.com/verify,1,malicious,2026-02-04 01:11:46
https://netzeromailsdfghj.weebly.com/login,1,malicious,2026-02-04 01:11:46
https://radarpichincha.webcindario.com/login,1,malicious,2026-02-04 01:11:46
http://malware-traffic-analysis.net/sample-55.exe,1,malicious,2026-02-04 01:11:46
https://app.escolhapresente.za.com/login,1,malicious,2026-02-04 01:11:46
https://phish-810.tk/login,1,malicious,2026-02-04 01:11:46
https://bdhleonofrece.webcindario.com/login,1,malicious,2026-02-04 01:11:46
https://l.ead.me/bgaeOC,1,malicious,2026-02-04 01:11:46
http://malware-911.xyz/payload.exe,1,malicious,2026-02-04 01:11:46
https://c3ntral1nve3nt.weebly.com/,1,malicious,2026-02-04 01:11:46
https://bhd-bloqueo.webcindario.com/,1,malicious,2026-02-04 01:11:46
https://smart-powerpoint-674307.framer.app/,1,malicious,2026-02-04 01:11:46
http://malware-966.xyz/payload.exe,1,malicious,2026-02-04 01:11:46
https://bafkreig2fpguppkoau6oc6virqvbouac52lsbugqnnkp3o5mxoze4p43c4.ipfs.dweb.link/login,1,malicious,2026-02-04 01:11:46
http://malware-804.xyz/payload.exe,1,malicious,2026-02-04 01:11:46
https://phish-33.tk/verify,1,malicious,2026-02-04 01:11:46
http://servicepayfip.fr/connect/,1,malicious,2026-02-04 01:11:46
https://labarbejoris995.wixsite.com/my-site-2,1,malicious,2026-02-04 01:11:46
https://concave-nonogon-260218.framer.app/login,1,malicious,2026-02-04 01:11:46
http://phish-899.tk/login.html,1,malicious,2026-02-04 01:11:46
http://pub-0d275574d47649ed9944322d102ec15d.r2.dev/index.html,1,malicious,2026-02-04 01:11:46
https://actionevictionservice.com/login,1,malicious,2026-02-04 01:11:46
https://eu.jotform.com/app/252593563416361,1,malicious,2026-02-04 01:11:46
https://nscapp.com.ng/login,1,malicious,2026-02-04 01:11:46
https://bafkreie4pdizjo3n36fx25nbqcvazgntc3ib5zxygqe6ewmxz2tw5wognm.ipfs.dweb.link/,1,malicious,2026-02-04 01:11:46
http://www.assistance-amelienligne.com/,1,malicious,2026-02-04 01:11:46
http://docs.google.com/drawings/d/1YGwLey_RsJrdFiAjGHyqf_5a6eQYVg28Ka3g9zGb4nk/edit,1,malicious,2026-02-04 01:11:46
https://sites.google.com/view/kundekonto0/home,1,malicious,2026-02-04 01:11:46
http://bafkreicfwvu6im6mjwgvoberdluk4jc7vhwtldq5r3w4mmfltqek7gnziu.ipfs.dweb.link/,1,malicious,2026-02-04 01:11:46
http://malware-833.xyz/payload.exe,1,malicious,2026-02-04 01:11:46
https://www.dropbox.com/l/AABE5o9b3YNwiZ0-obuNQmtoe1BQ_7RuKW8,1,malicious,2026-02-04 01:11:46
https://docs.google.com/presentation/d/1RAoHBfXCmXJ47RJUUT9-NP4nfJltB1-vQEOox1t4zHw/pub,1,malicious,2026-02-04 01:11:46
https://tinyurl.com/qsqqsqqs,1,malicious,2026-02-04 01:11:46
https://allegrolokalnie.pl-oferta-1290345677.cfd/,1,malicious,2026-02-04 01:11:46
https://l.ead.me/bgD38a,1,malicious,2026-02-04 01:11:46
https://eaquisolisita-pc.webcindario.com/,1,malicious,2026-02-04 01:11:46
https://l.ead.me/bgZlmL,1,malicious,2026-02-04 01:11:46
https://montpelier-ac.weebly.com/login,1,malicious,2026-02-04 01:11:46
https://malicious-domain-61.xyz/verify,1,malicious,2026-02-04 01:11:46
http://linqapp.com/nnn3?r=link,1,malicious,2026-02-04 01:11:46
http://malware-360.xyz/login,1,malicious,2026-02-04 01:11:46
http://q-r.to/bgaK2L,1,malicious,2026-02-04 01:11:46
https://slf.devmode.ovh/verify,1,malicious,2026-02-04 01:11:46
https://www.brtfs.cc/verify,1,malicious,2026-02-04 01:11:46
http://qrco.de/bgaVCs,1,malicious,2026-02-04 01:11:46
https://apple995.com/BO7RsCHnGT,1,malicious,2026-02-04 01:11:46
http://grnnnnprmmmmbsvr.click/,1,malicious,2026-02-04 01:11:46
http://q-r.to/bgaVuL,1,malicious,2026-02-04 01:11:46
https://wqertrytuyiuuytreww.weebly.com/,1,malicious,2026-02-04 01:11:46
http://docs.google.com/presentation/d/e/2PACX-1vSnUaT-OBd0k0JHlo5UgHtdnJXXcPQMlRdAagwF9a58XtGUcN9g9AknM7iSc3Utwb5iaedqGQ9OSlbw/pub?start=false&amp;loop=false&amp;delayms=3000&amp;slide=id.p,1,malicious,2026-02-04 01:11:46
http://inonns.pages.dev/login,1,malicious,2026-02-04 01:11:46
https://phish-387.tk/login.html,1,malicious,2026-02-04 01:11:46
http://1ngres0pichinch.webcindario.com/,1,malicious,2026-02-04 01:11:46
https://kelrq.com/verify,1,malicious,2026-02-04 01:11:46
https://allegro-lokalnie.pl-98047.icu/login,1,malicious,2026-02-04 01:11:46
https://l.ead.me/bgaWzy,1,malicious,2026-02-04 01:11:46
http://campsite.bio/fbshelp,1,malicious,2026-02-04 01:11:46
http://allegro.pl-oferta1250260.sbs,1,malicious,2026-02-04 01:11:46
https://qrco.de/bga838,1,malicious,2026-02-04 01:11:46
https://webmail-101393-102254.weeblysite.com/login,1,malicious,2026-02-04 01:11:46
https://ledgzercomstrat.gitbook.io/verify,1,malicious,2026-02-04 01:11:46
https://docs.google.com/drawings/d/1yFBedm1FDDGRbd8v_bzh9JhmOFuVKMPptG7AgccNSk4/edit,1,malicious,2026-02-04 01:11:46
https://bafkreidjxm75424gcfqp64vfvpknwytfnhfcpdopa2pmzjugztobwq3qnu.ipfs.dweb.link/login,1,malicious,2026-02-04 01:11:46
http://itau-landing.vercel.app/verify,1,malicious,2026-02-04 01:11:46
https://funny-gaufre-7fc770.netlify.app/,1,malicious,2026-02-04 01:11:46
http://docs.google.com/forms/d/e/1FAIpQLSeaS6lZfpEONKa04GaMvK8Wz15BFQeXc_LM_TzOY2SwYCUSow/viewform?usp=send_form,1,malicious,2026-02-04 01:11:46
https://www.rewardsworlds.com/login,1,malicious,2026-02-04 01:11:46
https://djdjso.weebly.com/login,1,malicious,2026-02-04 01:11:46
https://669896b4.kjfdjfh.pages.dev/verify,1,malicious,2026-02-04 01:11:46
http://phish-238.tk/login.html,1,malicious,2026-02-04 01:11:46
http://yuokmnytred.weebly.com/,1,malicious,2026-02-04 01:11:46
https://hgic.harcole.com/verify,1,malicious,2026-02-04 01:11:46
https://dicmic51.wixstudio.com/login,1,malicious,2026-02-04 01:11:46
https://startintro.ghost.io/verify,1,malicious,2026-02-04 01:11:46
https://att.ivjfw.cc/verify,1,malicious,2026-02-04 01:11:46
http://started-platform.ghost.io/bridge-trezor/,1,malicious,2026-02-04 01:11:46
http://beneficiosprodu.webcindario.com/,1,malicious,2026-02-04 01:11:46
https://l.ead.me/bga0th,1,malicious,2026-02-04 01:11:46
https://phish-63.tk/login.html,1,malicious,2026-02-04 01:11:46
https://phish-328.tk/login.html,1,malicious,2026-02-04 01:11:46
https://saison.javascript-ga.com/verify,1,malicious,2026-02-04 01:11:46
https://q-r.to/bgaicA,1,malicious,2026-02-04 01:11:46
http://l.wl.co/l?u=http://qr-codes.io/iVG6I8,1,malicious,2026-02-04 01:11:46
https://asdcl.m-pages.com/verify,1,malicious,2026-02-04 01:11:46
https://ktsportsmassage.co.uk/,1,malicious,2026-02-04 01:11:46
https://qrco.de/bgaYfh,1,malicious,2026-02-04 01:11:46
https://bafkreibpxncjzvclh5u65x6yob4g2qawknth7bgfs3jgtle3jlq6jgrdd4.ipfs.dweb.link/,1,malicious,2026-02-04 01:11:46
https://www.palimpsest.cfd/zeldyyqchqxuMrhjxrewnt,1,malicious,2026-02-04 01:11:46
https://mcbloom.pt/produto/it/,1,malicious,2026-02-04 01:11:46
http://whesvda.cn/?applied=1mGFvh84Yw8LM,1,malicious,2026-02-04 01:11:46
http://sicovalvmail.weebly.com/,1,malicious,2026-02-04 01:11:46
https://danielophtalmor.com/,1,malicious,2026-02-04 01:11:46
https://btbtbtbtbt.plutio.com/verify,1,malicious,2026-02-04 01:11:46
https://vrfydlevansbk.weebly.com/verify,1,malicious,2026-02-04 01:11:46
http://www.genspark.ai/api/files/s/lP0Km1Vs,1,malicious,2026-02-04 01:11:46
https://phish-473.tk/login.html,1,malicious,2026-02-04 01:11:46
https://hblxmr.com/login,1,malicious,2026-02-04 01:11:46
https://bluhst2096cpsess75410338883rdpartyroundcube.weebly.com/verify,1,malicious,2026-02-04 01:11:46
https://phish-191.tk/login.html,1,malicious,2026-02-04 01:11:46
http://l.ead.me/bgaQwA,1,malicious,2026-02-04 01:11:46
http://internacionalwes.z20.web.core.windows.net/,1,malicious,2026-02-04 01:11:46
http://o-ne-o-n-l-i-n-e25-one.adm.ibsystem.com.br/onefkl/cfc543765744321688/bsb2/?verified=1,1,malicious,2026-02-04 01:11:46
http://q-r.to/bgZsBD,1,malicious,2026-02-04 01:11:46
https://darb.roadfinesx.com/verify,1,malicious,2026-02-04 01:11:46
http://exodus-waletio.pages.dev,1,malicious,2026-02-04 01:11:46
http://malware-133.xyz/payload.exe,1,malicious,2026-02-04 01:11:46
https://ijimplonbjuytre.weebly.com/verify,1,malicious,2026-02-04 01:11:46
https://tsp.hbnexp.com/verify,1,malicious,2026-02-04 01:11:46
https://etape2-securipass.com/login,1,malicious,2026-02-04 01:11:46
https://keriucenlogieinen.gitbook.io/verify,1,malicious,2026-02-04 01:11:46
https://flverfy.weebly.com/,1,malicious,2026-02-04 01:11:46
http://shopeeid185.blogspot.com/login,1,malicious,2026-02-04 01:11:46
https://checkitnowtowebmail.framer.website/,1,malicious,2026-02-04 01:11:46
https://mailme247online.wixsite.com/my-site-1,1,malicious,2026-02-04 01:11:46
https://bafkreiefwzlq4g5vglf66rqktun7meglvgk7xdqvspdcc3vwkz3wk574eu.ipfs.dweb.link/verify,1,malicious,2026-02-04 01:11:46
https://us7.campaign-archive.com/?u=ba47d9b8ed0ad16678c463852&id=c9d3b615b1,1,malicious,2026-02-04 01:11:46
https://us6.campaign-archive.com/?u=3a52504810db214d080725a09&id=d3be5f08c8,1,malicious,2026-02-04 01:11:46
https://attserviceline090.wixsite.com/my-site-1,1,malicious,2026-02-04 01:11:46
http://authentcapchat-metabusiness.com/verify,1,malicious,2026-02-04 01:11:46
https://api.rajo.com.br/verify,1,malicious,2026-02-04 01:11:46
https://phish-39.tk/login,1,malicious,2026-02-04 01:11:46
https://proezas.diazpabon.info/wp-content/plugins/,1,malicious,2026-02-04 01:11:46
https://jcinsulationca.com/verify,1,malicious,2026-02-04 01:11:46
https://q-r.to/bgaL1N,1,malicious,2026-02-04 01:11:46
http://us7.campaign-archive.com/?u=746928daf84c2519765990aae&id=0b10b324a1,1,malicious,2026-02-04 01:11:46
http://iotrezzorstart-us.dream.space/us-en,1,malicious,2026-02-04 01:11:46
http://pixel.sitescout.com/iap/ca50fc23ca711ca4?r=//wolesushideko.su/5Y8TR0E1,1,malicious,2026-02-04 01:11:46
https://soportexdeserviciodecorreo556879.weebly.com/login,1,malicious,2026-02-04 01:11:46
http://docs.google.com/drawings/d/1IhK88eA8TO014vr7DZkGV2v9HR7FP9-b511i8M8ZQsg/edit,1,malicious,2026-02-04 01:11:46
https://hostdkb.sviluppo.host/verify,1,malicious,2026-02-04 01:11:46
https://payapl-login.webflow.io/verify,1,malicious,2026-02-04 01:11:46
https://sites.google.com/view/att-mail-upgared/home,1,malicious,2026-02-04 01:11:46
https://mega-finans.weebly.com/login,1,malicious,2026-02-04 01:11:46
https://static-amount-404464.framer.app/login,1,malicious,2026-02-04 01:11:46
https://q-r.to/bgaIZp,1,malicious,2026-02-04 01:11:46
https://phish-378.tk/login.html,1,malicious,2026-02-04 01:11:46
https://left-places-540753.framer.app/verify,1,malicious,2026-02-04 01:11:46
https://now-ps.weebly.com/,1,malicious,2026-02-04 01:11:46
http://bit.ly/497keSB,1,malicious,2026-02-04 01:11:46
https://login2mailo.weebly.com/verify,1,malicious,2026-02-04 01:11:46
https://docs.google.com/presentation/d/e/2PACX-1vSjzEpKYj6kKavqWXeNgBLT8L9LrMO76qIsq1F8qSpw2svPgybIvWlAn0RajL26TC7BmgiozyhToeN9/pub?start=false&amp;loop=false&amp;delayms=3000,1,malicious,2026-02-04 01:11:46
http://malware-898.xyz/login,1,malicious,2026-02-04 01:11:46
https://webgotravel.com/s/SIY7HpF8dI2dgcm,1,malicious,2026-02-04 01:11:46
https://phish-0.tk/login,1,malicious,2026-02-04 01:11:46
http://exodusweb3-secure.created.app,1,malicious,2026-02-04 01:11:46
https://mrelay-envoi-logistique.com/,1,malicious,2026-02-04 01:11:46
https://vermontelservice.weebly.com/login,1,malicious,2026-02-04 01:11:46
http://us14.campaign-archive.com/?u=dc63c251f8a15b7f4f82eabb6&id=5029d4a14a,1,malicious,2026-02-04 01:11:46
https://t.co/xgiRLR33nq,1,malicious,2026-02-04 01:11:46
https://seur.com-nyu.vip/login,1,malicious,2026-02-04 01:11:46
https://site-wio9d341m.godaddysites.com/,1,malicious,2026-02-04 01:11:46
https://enzzo.paquet-fts.com/as.php,1,malicious,2026-02-04 01:11:46
https://sso--m-uphold--com-cdn--auth.webflow.io/login,1,malicious,2026-02-04 01:11:46
https://faq-trrezor-en-us.pages.dev/login,1,malicious,2026-02-04 01:11:46
https://phish-37.tk/login.html,1,malicious,2026-02-04 01:11:46
http://phish-554.tk/login.html,1,malicious,2026-02-04 01:11:46
https://adminjasthan.weebly.com/,1,malicious,2026-02-04 01:11:46
https://home67898995433.weebly.com/verify,1,malicious,2026-02-04 01:11:46
https://personallyselected.com//maksay,1,malicious,2026-02-04 01:11:46
https://l.ead.me/bgZSCJ,1,malicious,2026-02-04 01:11:46
https://modest-members-865338.framer.app/login,1,malicious,2026-02-04 01:11:46
https://xqpmwrzt.com/x7GxrZp4lr,1,malicious,2026-02-04 01:11:46
http://malware-753.xyz/verify,1,malicious,2026-02-04 01:11:46
https://maiclilly1.wixstudio.com/login,1,malicious,2026-02-04 01:11:46
https://programa-descontao.vercel.app/verify,1,malicious,2026-02-04 01:11:46
http://smkalbasyariyahpkc.sch.id/wp-includes/block-supports/un.htm,1,malicious,2026-02-04 01:11:46
http://www.lemsunspares.com/wp-content/plugins/modern-admin/sixmonthes/login.php,1,malicious,2026-02-04 01:11:46
https://sienna-bookings-087293.framer.app/login,1,malicious,2026-02-04 01:11:46
http://srvice-now.com,1,malicious,2026-02-04 01:11:46
http://mrelay-livraisons.com/,1,malicious,2026-02-04 01:11:46
https://site-hkq90wgb5.godaddysites.com/login,1,malicious,2026-02-04 01:11:46
https://sms5-cledigitale.com/connexion,1,malicious,2026-02-04 01:11:46
https://lambent-strudel-56d8cc.netlify.app/rs_tl.html,1,malicious,2026-02-04 01:11:46
http://l.ead.me/bgZrTk,1,malicious,2026-02-04 01:11:46
http://phish-244.tk/login.html,1,malicious,2026-02-04 01:11:46
https://acc-amex.ueno-won.com/,1,malicious,2026-02-04 01:11:46
http://qrco.de/bgQgxR,1,malicious,2026-02-04 01:11:46
https://kucoinx-login.webflow.io/verify,1,malicious,2026-02-04 01:11:46
https://bafkreictzdizf7ydk7ndidaobm7fn4bsdrmbyjfpc7usvf6r2nbfcx7zk4.ipfs.dweb.link/,1,malicious,2026-02-04 01:11:46
https://global-wealth-828518.framer.app/,1,malicious,2026-02-04 01:11:46
https://monitoring.ptkgi.com/verify,1,malicious,2026-02-04 01:11:46
http://0.gravatar.com/avatar/952933abc179482d29cb7d535bfe46bf8062af0e35ad7503b780706b0e93a32c,1,malicious,2026-02-04 01:11:46
https://v-center.cc/login,1,malicious,2026-02-04 01:11:46
https://qrco.de/bgaPw4,1,malicious,2026-02-04 01:11:46
https://phish-928.tk/verify,1,malicious,2026-02-04 01:11:46
http://empowered-pineapple-592011.framer.app/,1,malicious,2026-02-04 01:11:46
https://startquick.ghost.io/verify,1,malicious,2026-02-04 01:11:46
http://netbanco-excluir-pt.com/,1,malicious,2026-02-04 01:11:46
https://skrtdcs.flazio.com/verify,1,malicious,2026-02-04 01:11:46
http://docs.google.com/forms/d/e/1FAIpQLSfgO3sE4LIazyKGk-D_rvTu8WOE45TG47PVWa6dT4L_Qe6pVQ/viewform?usp=send_form,1,malicious,2026-02-04 01:11:46
https://phish-954.tk/verify,1,malicious,2026-02-04 01:11:46
http://myshawacct.codeberg.page/views/offnewproj.html/,1,malicious,2026-02-04 01:11:46
http://sncf-connect.cam/app/trips?_rsc=ziv81,1,malicious,2026-02-04 01:11:46
https://darb.itc.gov.ae-qoev.com/verify,1,malicious,2026-02-04 01:11:46
https://getsupport.ghost.io/login,1,malicious,2026-02-04 01:11:46
http://security-index-verix.weebly.com/,1,malicious,2026-02-04 01:11:46
http://docs.google.com/drawings/d/1pYNxWeJowA-SfOcP3mjwZ3RX5C3UqP7zdbZqnh0az3A/edit,1,malicious,2026-02-04 01:11:46
https://domainserver1.weebly.com/,1,malicious,2026-02-04 01:11:46
https://www.stnam.com/modules/mod_login/tmpl/de/auth/login.php,1,malicious,2026-02-04 01:11:46
http://phish-126.tk/login.html,1,malicious,2026-02-04 01:11:46
https://did.li/aaMgT,1,malicious,2026-02-04 01:11:46
https://phish-218.tk/verify,1,malicious,2026-02-04 01:11:46
http://hipolink.net/nbhkmjlo,1,malicious,2026-02-04 01:11:46
https://michelin-loyc-d.rdv-99xrx.com/,1,malicious,2026-02-04 01:11:46
https://2ffjn2.share-eu1.hsforms.com/verify,1,malicious,2026-02-04 01:11:46
https://phish-920.tk/login,1,malicious,2026-02-04 01:11:46
https://bafkreihlwytyfiazhbe6g7ohisvxc3divfmxc6ri5qcbes7qq73ootyrmy.ipfs.dweb.link/,1,malicious,2026-02-04 01:11:46
https://us19.campaign-archive.com/?u=8044a9c0892886874b33499f4&id=807cf15920,1,malicious,2026-02-04 01:11:46
https://liviamesquita.com/ntt-my-plala,1,malicious,2026-02-04 01:11:46
http://btandeemobile.plutio.com/p/form/NnBa8wf5KPujh4dmT,1,malicious,2026-02-04 01:11:46
http://tiny-charts-583763.framer.app/,1,malicious,2026-02-04 01:11:46
https://docs.google.com/presentation/d/e/2PACX-1vSg4yiK4TBxRkSDcXkcr002ZC2bgDxBvP2LRyO_JOKRcqP4Cn2SR84ZmH0AONMqnvNPS04jIZroDkvt/pub,1,malicious,2026-02-04 01:11:46
http://malware-92.xyz/payload.exe,1,malicious,2026-02-04 01:11:46
https://qrco.de/bgaQuQ,1,malicious,2026-02-04 01:11:46
https://phish-57.tk/verify,1,malicious,2026-02-04 01:11:46
http://pilatesemilhabela.com.br/wp-admin/rb/axa/axa/login.php,1,malicious,2026-02-04 01:11:46
https://update.spamhaussuckdick.top/verify,1,malicious,2026-02-04 01:11:46
https://assurance-sant-vitale.com/verify,1,malicious,2026-02-04 01:11:46
http://qrco.de/bgaCdy,1,malicious,2026-02-04 01:11:46
https://zlmbra-25.weebly.com/,1,malicious,2026-02-04 01:11:46
https://promericason.online/login,1,malicious,2026-02-04 01:11:46
https://sites.google.com/view/webkunde/home,1,malicious,2026-02-04 01:11:46
https://glad-slide-821665.framer.app/login,1,malicious,2026-02-04 01:11:46
https://n12-pessoajuridican-et.planos-empresa.com/,1,malicious,2026-02-04 01:11:46
https://qexorilav.com/jp/,1,malicious,2026-02-04 01:11:46
http://l.ead.me/bgZq14,1,malicious,2026-02-04 01:11:46
https://convocatoriassocialesmadrid2026.fundacionlacaixa.agoraevents.live/magic_links/new,1,malicious,2026-02-04 01:11:46
https://us6.campaign-archive.com/?e=5c282b740f&u=a16c97886267c1a7ebe014e7e&id=95e5b21b2f,1,malicious,2026-02-04 01:11:46
https://7654380.weebly.com/,1,malicious,2026-02-04 01:11:46
https://pages-trezor-io-login.typedream.app/verify,1,malicious,2026-02-04 01:11:46
http://docs.google.com/forms/d/e/1FAIpQLSd9os_qd-BycQJy6K0HSprpUth3FprcXuXBw9ooU3uJCle2kw/viewform?usp=send_form,1,malicious,2026-02-04 01:11:46
https://fuchsia-food-811406.framer.app/verify,1,malicious,2026-02-04 01:11:46
https://phish-454.tk/login.html,1,malicious,2026-02-04 01:11:46
https://web-ledgerliv--wallet.typedream.app/verify,1,malicious,2026-02-04 01:11:46
https://uphub.dk/login,1,malicious,2026-02-04 01:11:46
http://malware-281.xyz/login,1,malicious,2026-02-04 01:11:46
https://phish-257.tk/login,1,malicious,2026-02-04 01:11:46
https://phish-620.tk/verify,1,malicious,2026-02-04 01:11:46
